{"is_source_file": true, "format": "Python", "description": "This source file sets up a FastAPI web application, including CORS middleware configuration and a health check endpoint.", "external_files": ["fastapi", "fastapi.middleware.cors"], "external_methods": ["FastAPI", "CORSMiddleware"], "published": ["app"], "classes": [], "methods": [{"name": "health_check()", "description": "Defines a GET endpoint at '/' that returns a health status message.", "scope": "", "scopeKind": ""}], "calls": ["app.add_middleware", "CORSMiddleware", "health_check"], "search-terms": ["FastAPI", "CORS", "health check", "middleware setup", "main.py"], "state": 2, "file_id": 4, "knowledge_revision": 8, "git_revision": "4ba87f17a795cb298264ed22120af244006643b3", "ctags": [{"_type": "tag", "name": "app", "path": "/home/kavia/workspace/code-generation/smart-flashcard-study-app-313535-313553/flashcard_backend/src/api/main.py", "pattern": "/^app = FastAPI()$/", "language": "Python", "kind": "variable"}, {"_type": "tag", "name": "health_check", "path": "/home/kavia/workspace/code-generation/smart-flashcard-study-app-313535-313553/flashcard_backend/src/api/main.py", "pattern": "/^def health_check():$/", "language": "Python", "kind": "function", "signature": "()"}], "hash": "58352bf5f133908bab16643199aa483d", "format-version": 4, "code-base-name": "flashcard_backend", "filename": "flashcard_backend/src/api/main.py", "fields": [{"name": "app = FastAPI()", "scope": "", "scopeKind": "", "description": "unavailable"}], "revision_history": [{"8": "4ba87f17a795cb298264ed22120af244006643b3"}]}