{"is_source_file": true, "format": "Python", "description": "This file generates an OpenAPI schema from a FastAPI app and writes it to a JSON file in the 'interfaces' directory.", "external_files": ["src/api/main.py"], "external_methods": ["app.openapi()"], "published": [], "classes": [], "methods": [{"name": "json.dump", "description": "Serializes the OpenAPI schema to the specified JSON file with indentation."}], "calls": ["app.openapi()", "os.makedirs", "os.path.join", "json.dump"], "search-terms": ["generate_openapi", "openapi_schema", "FastAPI", "openapi.json", "interfaces"], "state": 2, "file_id": 2, "knowledge_revision": 9, "git_revision": "4ba87f17a795cb298264ed22120af244006643b3", "ctags": [{"_type": "tag", "name": "openapi_schema", "path": "/home/kavia/workspace/code-generation/smart-flashcard-study-app-313535-313553/flashcard_backend/src/api/generate_openapi.py", "pattern": "/^openapi_schema = app.openapi()$/", "language": "Python", "kind": "variable"}, {"_type": "tag", "name": "output_dir", "path": "/home/kavia/workspace/code-generation/smart-flashcard-study-app-313535-313553/flashcard_backend/src/api/generate_openapi.py", "pattern": "/^output_dir = \"interfaces\"$/", "language": "Python", "kind": "variable"}, {"_type": "tag", "name": "output_path", "path": "/home/kavia/workspace/code-generation/smart-flashcard-study-app-313535-313553/flashcard_backend/src/api/generate_openapi.py", "pattern": "/^output_path = os.path.join(output_dir, \"openapi.json\")$/", "language": "Python", "kind": "variable"}], "hash": "61e3715e79bc397fab3e70f503a41417", "format-version": 4, "code-base-name": "flashcard_backend", "filename": "flashcard_backend/src/api/generate_openapi.py", "fields": [{"name": "openapi_schema = app.openapi()", "scope": "", "scopeKind": "", "description": "unavailable"}, {"name": "output_dir = \"interfaces\"", "scope": "", "scopeKind": "", "description": "unavailable"}, {"name": "output_path = os.path.join(output_dir, \"openapi.json\")", "scope": "", "scopeKind": "", "description": "unavailable"}], "revision_history": [{"9": "4ba87f17a795cb298264ed22120af244006643b3"}]}