{"is_source_file": false, "format": "", "description": "", "external_files": [], "external_methods": [], "published": [], "classes": [], "methods": [], "calls": [], "search-terms": ["smart-flashcard-study-app", "README.md", "project overview"], "state": 2, "file_id": 1, "knowledge_revision": 3, "git_revision": "8b482f809e58c7a34efbd7f824c5176dd4346685", "hash": "721b1b4b28e97a6a45b49189019f0711", "format-version": 4, "code-base-name": "flashcard_backend", "filename": "README.md", "revision_history": [{"3": "8b482f809e58c7a34efbd7f824c5176dd4346685"}]}